date,state,current,target
2017-02-10 08:43:03.514273,cooking,71.1,71
2017-02-10 08:43:10.093532,cooking,71,71
2017-02-10 08:43:15.653910,cooking,71,71
2017-02-10 08:43:21.258702,cooking,71,71
2017-02-10 08:43:26.973971,cooking,71,71
2017-02-10 08:43:32.568877,cooking,71,71
2017-02-10 08:43:38.164142,cooking,71,71
2017-02-10 08:43:43.794706,cooking,71,71
2017-02-10 08:43:49.378464,cooking,71,71
2017-02-10 08:43:55.005066,cooking,71,71
2017-02-10 08:44:00.821970,cooking,71,71
2017-02-10 08:44:06.426135,cooking,71,71
2017-02-10 08:44:12.086841,cooking,71,71
2017-02-10 08:44:17.676071,cooking,71,71
2017-02-10 08:44:23.373042,cooking,71,71
2017-02-10 08:44:29.161736,cooking,71,71
2017-02-10 08:44:34.975280,cooking,71,71
2017-02-10 08:44:40.610384,cooking,71,71
2017-02-10 08:44:46.229737,cooking,71,71
2017-02-10 08:44:51.928508,cooking,71,71
2017-02-10 08:44:57.532241,cooking,71,71
2017-02-10 08:45:03.233243,cooking,71,71
2017-02-10 08:45:10.137688,cooking,71,71
2017-02-10 08:45:15.692148,cooking,71,71
2017-02-10 08:45:21.417285,cooking,71,71
2017-02-10 08:45:27.053716,cooking,71,71
2017-02-10 08:45:32.752265,cooking,71,71
2017-02-10 08:45:38.924323,cooking,71,71
2017-02-10 08:45:44.529498,cooking,71,71
2017-02-10 08:45:50.091519,cooking,71,71
2017-02-10 08:45:55.653796,cooking,71,71
2017-02-10 08:46:01.316010,cooking,71,71
2017-02-10 08:46:06.976070,cooking,71,71
2017-02-10 08:46:12.622008,cooking,71,71
2017-02-10 08:46:18.367052,cooking,71,71
2017-02-10 08:46:24.044088,cooking,71,71
2017-02-10 08:46:29.636405,cooking,71,71
2017-02-10 08:46:35.190395,cooking,71,71
2017-02-10 08:46:40.909559,cooking,71,71
2017-02-10 08:46:46.474750,cooking,71,71
2017-02-10 08:46:52.092843,cooking,71,71
2017-02-10 08:46:57.717549,cooking,71,71
2017-02-10 08:47:03.341939,cooking,71,71
2017-02-10 08:47:09.899513,cooking,71,71
2017-02-10 08:47:15.570551,cooking,71,71
2017-02-10 08:47:21.146987,cooking,71,71
2017-02-10 08:47:26.788769,cooking,71,71
2017-02-10 08:47:32.369360,cooking,71,71
2017-02-10 08:47:37.998726,cooking,71,71
2017-02-10 08:47:44.863280,cooking,71,71
2017-02-10 08:47:51.512949,cooking,71,71
2017-02-10 08:47:57.158077,cooking,71,71
2017-02-10 08:48:02.761466,cooking,71,71
2017-02-10 08:48:08.372545,cooking,71,71
2017-02-10 08:48:14.010704,cooking,71,71
2017-02-10 08:48:19.615761,cooking,71,71
2017-02-10 08:48:25.207096,cooking,71,71
2017-02-10 08:48:30.872378,cooking,71,71
2017-02-10 08:48:36.547226,cooking,71,71
2017-02-10 08:48:42.149845,cooking,71,71
2017-02-10 08:48:47.789201,cooking,71,71
2017-02-10 08:48:53.424025,cooking,71,71
2017-02-10 08:48:59.065985,cooking,71,71
2017-02-10 08:49:04.677249,cooking,71,71
2017-02-10 08:49:10.639132,cooking,71,71
2017-02-10 08:49:16.225683,cooking,71,71
2017-02-10 08:49:21.864324,cooking,71,71
2017-02-10 08:49:27.503009,cooking,71,71
2017-02-10 08:49:33.178812,cooking,71,71
2017-02-10 08:49:38.782708,cooking,71,71
2017-02-10 08:49:44.399127,cooking,71,71
2017-02-10 08:49:50.025385,cooking,71,71
2017-02-10 08:49:55.955443,cooking,71,71
2017-02-10 08:50:01.559782,cooking,71,71
2017-02-10 08:50:07.174257,cooking,71,71
2017-02-10 08:50:12.741620,cooking,71,71
2017-02-10 08:50:18.336750,cooking,71,71
2017-02-10 08:50:23.991240,cooking,71,71
2017-02-10 08:50:29.562639,cooking,71,71
2017-02-10 08:50:35.207701,cooking,71,71
2017-02-10 08:50:40.797679,cooking,71,71
2017-02-10 08:50:46.442083,cooking,71,71
2017-02-10 08:50:52.905044,cooking,71,71
2017-02-10 08:50:58.570017,cooking,71,71
2017-02-10 08:51:04.228744,cooking,71,71
2017-02-10 08:51:09.866969,cooking,71,71
2017-02-10 08:51:15.566125,cooking,71,71
2017-02-10 08:51:21.162799,cooking,71,71
2017-02-10 08:51:26.837345,cooking,71,71
2017-02-10 08:51:32.468606,cooking,71,71
2017-02-10 08:51:38.119732,cooking,71,71
2017-02-10 08:51:43.733848,cooking,71,71
2017-02-10 08:51:49.313206,cooking,71,71
2017-02-10 08:51:54.958485,cooking,71,71
2017-02-10 08:52:00.621776,cooking,71,71
2017-02-10 08:52:06.243461,cooking,71,71
2017-02-10 08:52:11.851148,cooking,70.9,71
2017-02-10 08:52:17.478755,cooking,70.9,71
2017-02-10 08:52:23.073306,cooking,70.9,71
2017-02-10 08:52:29.692819,maintaining,70.9,71
2017-02-10 08:52:35.316248,no job,71.5,71
2017-02-10 08:52:40.973250,no job,71.3,71
2017-02-10 08:52:46.586430,no job,71,71
2017-02-10 08:52:52.159175,no job,70.9,71
2017-02-10 08:52:58.521990,no job,70.8,71
2017-02-10 08:53:04.273155,no job,70.6,71
2017-02-10 08:53:09.887375,no job,70.5,71
2017-02-10 08:53:15.515224,no job,70.4,71
2017-02-10 08:53:21.083285,no job,70.3,71
2017-02-10 08:53:26.771309,no job,70.3,71
2017-02-10 08:53:32.609042,no job,70.3,71
2017-02-10 08:53:38.224749,no job,70.3,71
2017-02-10 08:53:43.879297,no job,70.2,71
2017-02-10 08:53:49.457879,no job,70,71
2017-02-10 08:53:55.117756,no job,69.9,71
2017-02-10 08:54:00.733564,no job,69.9,71
2017-02-10 08:54:06.328371,no job,69.7,71
2017-02-10 08:54:11.991196,no job,69.6,71
2017-02-10 08:54:17.608864,no job,69.5,71
2017-02-10 08:54:23.311062,no job,69.5,71
2017-02-10 08:54:29.010010,no job,69.4,71
2017-02-10 08:54:34.622924,no job,69.3,71
2017-02-10 08:54:40.220932,no job,69.2,71
2017-02-10 08:54:45.927179,no job,69.1,71
2017-02-10 08:54:51.542984,no job,68.9,71
2017-02-10 08:54:57.152960,no job,68.8,71
2017-02-10 08:55:03.000427,no job,68.7,71
2017-02-10 08:55:08.608077,no job,68.7,71
2017-02-10 08:55:14.228321,no job,68.6,71
2017-02-10 08:55:19.813726,no job,68.5,71
2017-02-10 08:55:25.439982,no job,68.5,71
2017-02-10 08:55:31.048521,no job,68.4,71
2017-02-10 08:55:36.663423,no job,68.3,71
2017-02-10 08:55:42.276997,no job,68.2,71
2017-02-10 08:55:47.877122,no job,68.1,71
2017-02-10 08:55:53.494451,no job,67.9,71
2017-02-10 08:55:59.103956,no job,67.8,71
2017-02-10 08:56:04.880433,no job,67.8,71
2017-02-10 08:56:10.498792,no job,67.7,71
2017-02-10 08:56:16.208033,no job,67.6,71
2017-02-10 08:56:21.753227,no job,67.6,71
2017-02-10 08:56:27.353033,no job,67.5,71
2017-02-10 08:56:32.937453,no job,67.4,71
2017-02-10 08:56:38.512501,no job,67.3,71
2017-02-10 08:56:44.153501,no job,67.2,71
2017-02-10 08:56:49.709287,no job,67.1,71
2017-02-10 08:56:55.281708,no job,67.1,71
2017-02-10 08:57:00.848200,no job,67,71
2017-02-10 08:57:06.574699,no job,66.9,71
2017-02-10 08:57:12.192593,no job,66.8,71
2017-02-10 08:57:17.782613,no job,66.7,71
2017-02-10 08:57:23.412741,no job,66.6,71
2017-02-10 08:57:29.037035,no job,66.6,71
2017-02-10 08:57:34.629774,no job,66.4,71
2017-02-10 08:57:40.234104,no job,66.3,71
2017-02-10 08:57:45.842814,no job,66.3,71
2017-02-10 08:57:51.476100,no job,66.2,71
2017-02-10 08:57:57.693962,no job,66.2,71
2017-02-10 08:58:03.271330,no job,66.1,71
2017-02-10 08:58:08.864503,no job,66,71
2017-02-10 08:58:14.489671,no job,65.9,71
2017-02-10 08:58:20.928430,no job,65.8,71
2017-02-10 08:58:26.824786,no job,65.7,71
2017-02-10 08:58:32.407196,no job,65.6,71
2017-02-10 08:58:38.028626,no job,65.6,71
2017-02-10 08:58:43.667404,no job,65.5,71
2017-02-10 08:58:49.249390,no job,65.4,71
2017-02-10 08:58:55.196074,no job,65.3,71
2017-02-10 08:59:01.375970,no job,65.2,71
2017-02-10 08:59:07.127453,no job,65.2,71
2017-02-10 08:59:12.716247,no job,65.1,71
2017-02-10 08:59:18.291990,no job,65,71
2017-02-10 08:59:23.860033,no job,65,71
2017-02-10 08:59:29.449882,no job,64.9,71
2017-02-10 08:59:35.040932,no job,64.8,71
2017-02-10 08:59:40.663973,no job,64.7,71
2017-02-10 08:59:47.290420,no job,64.6,71
2017-02-10 08:59:53.171442,no job,64.6,71
2017-02-10 08:59:58.802918,no job,64.5,71
2017-02-10 09:00:04.420002,no job,64.4,71
2017-02-10 09:00:10.087538,no job,64.4,71
2017-02-10 09:00:15.814387,no job,64.2,71
2017-02-10 09:00:21.425328,no job,64.1,71
2017-02-10 09:00:27.015272,no job,64.1,71
2017-02-10 09:00:32.656399,no job,64,71
2017-02-10 09:00:38.272704,no job,63.9,71
2017-02-10 09:00:43.848931,no job,63.8,71
2017-02-10 09:00:49.423030,no job,63.8,71
2017-02-10 09:00:55.019902,no job,63.7,71
2017-02-10 09:01:00.575035,no job,63.6,71
2017-02-10 09:01:06.173562,no job,63.6,71
2017-02-10 09:01:11.726108,no job,63.5,71
2017-02-10 09:01:17.391428,no job,63.4,71
2017-02-10 09:01:23.049848,no job,63.4,71
2017-02-10 09:01:28.684271,no job,63.3,71
2017-02-10 09:01:34.287974,no job,63.2,71
2017-02-10 09:01:39.854229,no job,63.2,71
2017-02-10 09:01:45.426049,no job,63.1,71
2017-02-10 09:01:51.021525,no job,63,71
2017-02-10 09:01:56.616031,no job,63,71
2017-02-10 09:02:02.178484,no job,62.9,71
2017-02-10 09:02:07.774363,no job,62.8,71
2017-02-10 09:02:13.425617,no job,62.7,71
2017-02-10 09:02:19.018633,no job,62.6,71
2017-02-10 09:02:24.619990,no job,62.6,71
2017-02-10 09:02:30.238918,no job,62.5,71
2017-02-10 09:02:35.788487,no job,62.4,71
2017-02-10 09:02:41.372597,no job,62.4,71
2017-02-10 09:02:46.993515,no job,62.3,71
2017-02-10 09:02:53.040615,no job,62.2,71
2017-02-10 09:02:58.600114,no job,62.2,71
2017-02-10 09:03:04.179982,no job,62.1,71
2017-02-10 09:03:09.787879,no job,62,71
2017-02-10 09:03:15.379247,no job,61.9,71
2017-02-10 09:03:21.133604,no job,61.9,71
2017-02-10 09:03:26.736753,no job,61.8,71
2017-02-10 09:03:32.347025,no job,61.7,71
2017-02-10 09:03:37.931730,no job,61.7,71
2017-02-10 09:03:43.536245,no job,61.6,71
2017-02-10 09:03:49.146694,no job,61.5,71
2017-02-10 09:03:54.746251,no job,61.5,71
2017-02-10 09:04:00.365765,no job,61.4,71
2017-02-10 09:04:05.944789,no job,61.4,71
2017-02-10 09:04:11.537403,no job,61.3,71
2017-02-10 09:04:17.137676,no job,61.3,71
2017-02-10 09:04:22.797006,no job,61.2,71
2017-02-10 09:04:28.364463,no job,61.1,71
2017-02-10 09:04:33.944574,no job,61.1,71
2017-02-10 09:04:39.508145,no job,61,71
2017-02-10 09:04:45.094028,no job,60.9,71
2017-02-10 09:04:50.669417,no job,60.8,71
2017-02-10 09:04:56.327810,no job,60.8,71
2017-02-10 09:05:01.967851,no job,60.7,71
2017-02-10 09:05:07.616839,no job,60.6,71
2017-02-10 09:05:13.299794,no job,60.6,71
2017-02-10 09:05:18.952971,no job,60.5,71
2017-02-10 09:05:24.728025,no job,60.4,71
2017-02-10 09:05:30.303029,no job,60.4,71
2017-02-10 09:05:35.905757,no job,60.3,71
2017-02-10 09:05:41.584809,no job,60.3,71
2017-02-10 09:05:47.219209,no job,60.2,71
2017-02-10 09:05:52.830586,no job,60.1,71
2017-02-10 09:05:58.427424,no job,60.1,71
2017-02-10 09:06:04.049458,no job,60,71
2017-02-10 09:06:09.655650,no job,59.9,71
2017-02-10 09:06:15.292432,no job,59.9,71
2017-02-10 09:06:20.880046,no job,59.8,71
2017-02-10 09:06:26.683658,no job,59.8,71
2017-02-10 09:06:32.318599,no job,59.7,71
2017-02-10 09:06:37.969035,no job,59.6,71
2017-02-10 09:06:43.598929,no job,59.6,71
2017-02-10 09:06:49.309388,no job,59.6,71
2017-02-10 09:06:54.944533,no job,59.5,71
2017-02-10 09:07:00.597155,no job,59.4,71
2017-02-10 09:07:06.198285,no job,59.3,71
2017-02-10 09:07:11.837932,no job,59.3,71
2017-02-10 09:07:17.479290,no job,59.2,71
2017-02-10 09:07:23.150221,no job,59.2,71
2017-02-10 09:07:28.934829,no job,59.1,71
2017-02-10 09:07:34.579412,no job,59.1,71
2017-02-10 09:07:40.214754,no job,59,71
2017-02-10 09:07:45.798453,no job,59,71
2017-02-10 09:07:51.449243,no job,58.9,71
2017-02-10 09:07:57.129019,no job,58.8,71
2017-02-10 09:08:02.750743,no job,58.7,71
2017-02-10 09:08:08.367743,no job,58.7,71
2017-02-10 09:08:14.018497,no job,58.6,71
2017-02-10 09:08:19.745321,no job,58.6,71
2017-02-10 09:08:25.562882,no job,58.5,71
2017-02-10 09:08:31.308382,no job,58.5,71
2017-02-10 09:08:37.193917,no job,58.4,71
2017-02-10 09:08:42.778379,no job,58.4,71
2017-02-10 09:08:48.362221,no job,58.3,71
2017-02-10 09:08:53.972435,no job,58.2,71
2017-02-10 09:08:59.657303,no job,58.2,71
2017-02-10 09:09:05.299130,no job,58.2,71
2017-02-10 09:09:10.879612,no job,58.1,71
2017-02-10 09:09:16.423624,no job,58.1,71
2017-02-10 09:09:22.057694,no job,58,71
2017-02-10 09:09:27.670513,no job,57.9,71
2017-02-10 09:09:33.392669,no job,57.9,71
2017-02-10 09:09:38.956103,no job,57.8,71
2017-02-10 09:09:44.589749,no job,57.8,71
2017-02-10 09:09:50.185984,no job,57.7,71
2017-02-10 09:09:55.804078,no job,57.6,71
2017-02-10 09:10:02.542244,no job,57.6,71
2017-02-10 09:10:08.111337,no job,57.5,71
2017-02-10 09:10:13.686602,no job,57.4,71
2017-02-10 09:10:19.286743,no job,57.4,71
2017-02-10 09:10:24.851940,no job,57.3,71
2017-02-10 09:10:30.654069,no job,57.3,71
2017-02-10 09:10:36.256603,no job,57.2,71
2017-02-10 09:10:42.043831,no job,57.2,71
2017-02-10 09:10:47.638118,no job,57.1,71
2017-02-10 09:10:53.255863,no job,57.1,71
2017-02-10 09:10:58.800415,no job,57.1,71
2017-02-10 09:11:04.416201,no job,57,71
2017-02-10 09:11:10.042858,no job,56.9,71
2017-02-10 09:11:15.652648,no job,56.8,71
2017-02-10 09:11:21.241514,no job,56.8,71
2017-02-10 09:11:26.829727,no job,56.8,71
2017-02-10 09:11:32.467404,no job,56.7,71
2017-02-10 09:11:38.026627,no job,56.6,71
2017-02-10 09:11:43.606172,no job,56.6,71
2017-02-10 09:11:49.234035,no job,56.5,71
2017-02-10 09:11:54.831384,no job,56.5,71
2017-02-10 09:12:00.395593,no job,56.5,71
2017-02-10 09:12:06.036236,no job,56.4,71
2017-02-10 09:12:11.611576,no job,56.4,71
2017-02-10 09:12:17.192230,no job,56.3,71
2017-02-10 09:12:22.775811,no job,56.3,71
2017-02-10 09:12:29.416644,no job,56.2,71
2017-02-10 09:12:35.028552,no job,56.1,71
2017-02-10 09:12:40.624739,no job,56.1,71
2017-02-10 09:12:46.195261,no job,56,71
2017-02-10 09:12:51.783803,no job,56,71
2017-02-10 09:12:57.397694,no job,55.9,71
2017-02-10 09:13:03.026309,no job,55.9,71
2017-02-10 09:13:08.783480,no job,55.8,71
2017-02-10 09:13:14.426237,no job,55.8,71
2017-02-10 09:13:20.091484,no job,55.7,71
2017-02-10 09:13:25.681293,no job,55.7,71
2017-02-10 09:13:31.288030,no job,55.6,71
2017-02-10 09:13:36.890255,no job,55.6,71
2017-02-10 09:13:43.055245,no job,55.5,71
2017-02-10 09:13:49.320346,no job,55.5,71
2017-02-10 09:13:54.908353,no job,55.4,71
2017-02-10 09:14:00.491767,no job,55.4,71
2017-02-10 09:14:06.105810,no job,55.3,71
2017-02-10 09:14:11.697148,no job,55.3,71
2017-02-10 09:14:17.413697,no job,55.2,71
2017-02-10 09:14:23.018288,no job,55.2,71
2017-02-10 09:14:28.610502,no job,55.1,71
2017-02-10 09:14:34.203434,no job,55.1,71
2017-02-10 09:14:39.841988,no job,55,71
2017-02-10 09:14:45.698246,no job,55,71
2017-02-10 09:14:51.267655,no job,54.9,71
2017-02-10 09:14:56.878344,no job,54.9,71
2017-02-10 09:15:02.457502,no job,54.8,71
2017-02-10 09:15:08.036791,no job,54.8,71
2017-02-10 09:15:13.788217,no job,54.7,71
2017-02-10 09:15:19.629582,no job,54.7,71
2017-02-10 09:15:25.483549,no job,54.6,71
2017-02-10 09:15:31.113064,no job,54.6,71
2017-02-10 09:15:36.690214,no job,54.6,71
2017-02-10 09:15:42.378833,no job,54.5,71
2017-02-10 09:15:48.204069,no job,54.4,71
2017-02-10 09:15:54.126366,no job,54.4,71
2017-02-10 09:15:59.745521,no job,54.3,71
2017-02-10 09:16:05.322987,no job,54.3,71
2017-02-10 09:16:10.929748,no job,54.3,71
2017-02-10 09:16:16.561749,no job,54.2,71
2017-02-10 09:16:22.172007,no job,54.2,71
2017-02-10 09:16:27.785212,no job,54.1,71
2017-02-10 09:16:33.397631,no job,54.1,71
2017-02-10 09:16:39.021946,no job,54,71
2017-02-10 09:16:44.655046,no job,54,71
2017-02-10 09:16:50.456999,no job,54,71
2017-02-10 09:16:56.132189,no job,53.9,71
2017-02-10 09:17:01.782984,no job,53.8,71
2017-02-10 09:17:07.458345,no job,53.8,71
2017-02-10 09:17:13.103433,no job,53.7,71
2017-02-10 09:17:18.728553,no job,53.7,71
2017-02-10 09:17:24.350101,no job,53.6,71
2017-02-10 09:17:30.071861,no job,53.6,71
2017-02-10 09:17:35.686332,no job,53.6,71
2017-02-10 09:17:41.269427,no job,53.5,71
2017-02-10 09:17:46.863907,no job,53.5,71
2017-02-10 09:17:52.649264,no job,53.4,71
2017-02-10 09:17:58.221807,no job,53.4,71
2017-02-10 09:18:03.812774,no job,53.4,71
2017-02-10 09:18:09.420862,no job,53.3,71
2017-02-10 09:18:14.973054,no job,53.3,71
2017-02-10 09:18:20.633145,no job,53.2,71
2017-02-10 09:18:26.217859,no job,53.2,71
2017-02-10 09:18:31.793830,no job,53.1,71
2017-02-10 09:18:37.388782,no job,53.1,71
2017-02-10 09:18:42.955635,no job,53.1,71
2017-02-10 09:18:48.556831,no job,53,71
2017-02-10 09:18:54.387362,no job,52.9,71
2017-02-10 09:19:00.022776,no job,52.9,71
2017-02-10 09:19:05.620605,no job,52.9,71
2017-02-10 09:19:11.265242,no job,52.8,71
2017-02-10 09:19:16.843029,no job,52.8,71
2017-02-10 09:19:22.543491,no job,52.7,71
2017-02-10 09:19:28.158145,no job,52.7,71
2017-02-10 09:19:33.720184,no job,52.7,71
2017-02-10 09:19:39.292090,no job,52.6,71
2017-02-10 09:19:44.896420,no job,52.6,71
2017-02-10 09:19:50.541955,no job,52.5,71
2017-02-10 09:19:56.557739,no job,52.5,71
2017-02-10 09:20:02.144665,no job,52.4,71
2017-02-10 09:20:07.845902,no job,52.4,71
2017-02-10 09:20:13.676187,no job,52.4,71
2017-02-10 09:20:19.252884,no job,52.3,71
2017-02-10 09:20:24.872742,no job,52.3,71
2017-02-10 09:20:30.480337,no job,52.2,71
2017-02-10 09:20:36.062238,no job,52.2,71
2017-02-10 09:20:41.632721,no job,52.1,71
2017-02-10 09:20:47.254465,no job,52.1,71
2017-02-10 09:20:52.837079,no job,52,71
2017-02-10 09:20:58.570048,no job,52,71
2017-02-10 09:21:04.223360,no job,52,71
2017-02-10 09:21:09.804734,no job,51.9,71
2017-02-10 09:21:15.394769,no job,51.9,71
2017-02-10 09:21:21.717006,no job,51.8,71
2017-02-10 09:29:07.595911,no job,48.7,71
2017-02-10 09:29:13.222761,no job,48.7,71
2017-02-10 09:29:18.831077,no job,48.6,71
2017-02-10 09:29:24.446784,no job,48.6,71
2017-02-10 09:29:31.089607,no job,48.6,71
2017-02-10 09:29:36.672185,no job,48.5,71
2017-02-10 09:29:42.247010,no job,48.5,71
2017-02-10 09:29:47.805100,no job,48.5,71
2017-02-10 09:29:53.434890,no job,48.4,71
2017-02-10 09:29:58.976597,no job,48.4,71
2017-02-10 09:30:04.547442,no job,48.3,71
2017-02-10 09:30:10.617792,no job,48.3,71
2017-02-10 09:30:16.217349,no job,48.3,71
2017-02-10 09:30:21.793113,no job,48.3,71
2017-02-10 09:30:27.385334,no job,48.2,71
2017-02-10 09:30:32.999358,no job,48.2,71
2017-02-10 09:30:38.576555,no job,48.1,71
2017-02-10 09:30:44.156836,no job,48.1,71
2017-02-10 09:30:49.788313,no job,48.1,71
2017-02-10 09:30:55.352643,no job,48,71
2017-02-10 09:31:01.873983,no job,48,71
2017-02-10 09:31:07.437317,no job,48,71
2017-02-10 09:31:13.002901,no job,48,71
2017-02-10 09:31:18.587417,no job,47.9,71
2017-02-10 09:31:24.263245,no job,47.9,71
2017-02-10 09:31:29.887966,no job,47.9,71
2017-02-10 09:31:35.455282,no job,47.8,71
2017-02-10 09:31:41.043975,no job,47.8,71
2017-02-10 09:31:46.688084,no job,47.8,71
2017-02-10 09:31:52.296363,no job,47.7,71
2017-02-10 09:31:57.890345,no job,47.7,71
2017-02-10 09:32:03.580646,no job,47.7,71
2017-02-10 09:32:09.298958,no job,47.6,71
2017-02-10 09:32:14.983831,no job,47.6,71
2017-02-10 09:32:20.690790,no job,47.5,71
2017-02-10 09:32:26.269475,no job,47.5,71
2017-02-10 09:32:31.845376,no job,47.5,71
2017-02-10 09:32:37.419960,no job,47.4,71
2017-02-10 09:32:43.005296,no job,47.4,71
2017-02-10 09:32:48.600545,no job,47.4,71
2017-02-10 09:32:54.211114,no job,47.4,71
2017-02-10 09:32:59.785828,no job,47.3,71
2017-02-10 09:33:05.365300,no job,47.3,71
2017-02-10 09:33:10.979681,no job,47.2,71
2017-02-10 09:33:16.830747,no job,47.2,71
2017-02-10 09:33:22.415071,no job,47.2,71
2017-02-10 09:33:28.001710,no job,47.2,71
2017-02-10 09:33:33.579752,no job,47.1,71
2017-02-10 09:33:39.192515,no job,47.1,71
2017-02-10 09:33:44.812300,no job,47.1,71
2017-02-10 09:33:50.453736,no job,47,71
2017-02-10 09:33:56.088513,no job,47,71
2017-02-10 09:34:01.677092,no job,47,71
2017-02-10 09:34:07.277580,no job,46.9,71
2017-02-10 09:34:12.977635,no job,46.9,71
2017-02-10 09:34:18.791851,no job,46.9,71
2017-02-10 09:34:24.437481,no job,46.8,71
2017-02-10 09:34:30.103735,no job,46.8,71
2017-02-10 09:34:35.719347,no job,46.8,71
2017-02-10 09:34:41.343467,no job,46.8,71
2017-02-10 09:34:46.937389,no job,46.7,71
2017-02-10 09:34:53.525888,no job,46.7,71
2017-02-10 09:34:59.152852,no job,46.6,71
2017-02-10 09:35:04.731583,no job,46.6,71
2017-02-10 09:35:11.002229,no job,46.6,71
2017-02-10 09:35:16.570491,no job,46.6,71
2017-02-10 09:35:22.147832,no job,46.5,71
2017-02-10 09:35:27.787198,no job,46.5,71
2017-02-10 09:35:33.433669,no job,46.5,71
2017-02-10 09:35:39.054633,no job,46.4,71
2017-02-10 09:35:44.618107,no job,46.4,71
2017-02-10 09:35:50.295816,no job,46.4,71
2017-02-10 09:35:55.917229,no job,46.3,71
2017-02-10 09:36:01.494620,no job,46.3,71
2017-02-10 09:36:07.093197,no job,46.3,71
2017-02-10 09:36:12.681162,no job,46.2,71
2017-02-10 09:36:18.305461,no job,46.2,71
2017-02-10 09:36:23.939383,no job,46.2,71
2017-02-10 09:36:29.606163,no job,46.2,71
2017-02-10 09:36:35.283088,no job,46.1,71
2017-02-10 09:36:41.321679,no job,46.1,71
2017-02-10 09:36:46.906371,no job,46.1,71
2017-02-10 09:36:52.473580,no job,46,71
2017-02-10 09:36:58.066746,no job,46,71
2017-02-10 09:37:03.725860,no job,46,71
2017-02-10 09:37:09.388299,no job,45.9,71
2017-02-10 09:37:16.132508,no job,45.9,71
2017-02-10 09:37:21.710601,no job,45.9,71
2017-02-10 09:37:27.422702,no job,45.8,71
2017-02-10 09:37:32.969026,no job,45.8,71
2017-02-10 09:37:38.555415,no job,45.8,71
2017-02-10 09:37:44.118714,no job,45.7,71
2017-02-10 09:37:49.907152,no job,45.7,71
2017-02-10 09:37:55.499149,no job,45.7,71
2017-02-10 09:38:01.096769,no job,45.6,71
2017-02-10 09:38:06.675964,no job,45.6,71
2017-02-10 09:38:12.248608,no job,45.6,71
2017-02-10 09:38:17.875417,no job,45.6,71
2017-02-10 09:38:23.446964,no job,45.5,71
2017-02-10 09:38:30.258530,no job,45.5,71
2017-02-10 09:38:35.883845,no job,45.5,71
2017-02-10 09:38:41.502779,no job,45.4,71
2017-02-10 09:38:47.117791,no job,45.4,71
2017-02-10 09:38:52.719112,no job,45.4,71
2017-02-10 09:38:58.340649,no job,45.4,71
2017-02-10 09:39:04.003082,no job,45.3,71
2017-02-10 09:39:09.954417,no job,45.3,71
2017-02-10 09:39:15.600411,no job,45.3,71
2017-02-10 09:39:21.187408,no job,45.2,71
2017-02-10 09:39:26.826937,no job,45.2,71
2017-02-10 09:39:32.640014,no job,45.2,71
2017-02-10 09:39:38.228382,no job,45.1,71
2017-02-10 09:39:43.804962,no job,45.1,71
2017-02-10 09:39:49.363655,no job,45.1,71
2017-02-10 09:39:54.991917,no job,45.1,71
2017-02-10 09:40:00.599671,no job,45,71
2017-02-10 09:40:06.192612,no job,45,71
2017-02-10 09:40:11.788980,no job,45,71
2017-02-10 09:40:17.453837,no job,44.9,71
2017-02-10 09:40:23.046824,no job,44.9,71
2017-02-10 09:40:28.630779,no job,44.9,71
2017-02-10 09:40:34.328189,no job,44.9,71
2017-02-10 09:40:39.969598,no job,44.8,71
2017-02-10 09:40:45.529403,no job,44.8,71
2017-02-10 09:40:51.126031,no job,44.8,71
2017-02-10 09:40:56.686208,no job,44.7,71
2017-02-10 09:41:02.299071,no job,44.7,71
2017-02-10 09:41:07.975564,no job,44.7,71
2017-02-10 09:41:13.592390,no job,44.7,71
2017-02-10 09:41:19.266987,no job,44.6,71
2017-02-10 09:41:24.854791,no job,44.6,71
2017-02-10 09:41:30.514921,no job,44.6,71
2017-02-10 09:41:36.250671,no job,44.6,71
2017-02-10 09:41:41.889101,no job,44.5,71
2017-02-10 09:41:47.516820,no job,44.5,71
2017-02-10 09:41:53.153120,no job,44.5,71
2017-02-10 09:41:58.749360,no job,44.4,71
2017-02-10 09:42:04.354151,no job,44.4,71
2017-02-10 09:42:09.917316,no job,44.4,71
2017-02-10 09:42:16.547167,no job,44.4,71
2017-02-10 09:42:22.171398,no job,44.3,71
2017-02-10 09:42:27.782233,no job,44.3,71
2017-02-10 09:42:39.229191,no job,44.3,71
2017-02-10 09:42:44.901169,no job,44.2,71
2017-02-10 09:42:50.678693,no job,44.2,71
2017-02-10 09:42:56.339683,no job,44.2,71
2017-02-10 09:43:01.952014,no job,44.1,71
2017-02-10 09:43:07.615621,no job,44.1,71
2017-02-10 09:43:13.279391,no job,44.1,71
2017-02-10 09:43:18.894617,no job,44.1,71
2017-02-10 09:43:24.597816,no job,44,71
2017-02-10 09:43:30.227657,no job,44,71
2017-02-10 09:43:35.793854,no job,44,71
2017-02-10 09:43:41.583988,no job,43.9,71
2017-02-10 09:43:47.213757,no job,43.9,71
2017-02-10 09:43:52.845693,no job,43.9,71
2017-02-10 09:43:58.416946,no job,43.9,71
2017-02-10 09:44:04.055878,no job,43.9,71
2017-02-10 09:44:09.630204,no job,43.8,71
2017-02-10 09:44:15.677367,no job,43.8,71
2017-02-10 09:44:21.327762,no job,43.8,71
2017-02-10 09:44:27.140331,no job,43.7,71
2017-02-10 09:44:32.736174,no job,43.7,71
2017-02-10 09:44:38.323353,no job,43.7,71
2017-02-10 09:44:44.091724,no job,43.7,71
2017-02-10 09:44:49.680960,no job,43.6,71
2017-02-10 09:44:55.265442,no job,43.6,71
2017-02-10 09:45:00.840500,no job,43.6,71
2017-02-10 09:45:06.469532,no job,43.5,71
2017-02-10 09:45:12.042210,no job,43.5,71
2017-02-10 09:45:17.704511,no job,43.5,71
2017-02-10 09:45:23.289087,no job,43.5,71
2017-02-10 09:45:28.905074,no job,43.5,71
2017-02-10 09:45:34.673540,no job,43.4,71
2017-02-10 09:45:40.266004,no job,43.4,71
2017-02-10 09:45:46.035882,no job,43.4,71
2017-02-10 09:45:51.624909,no job,43.3,71
2017-02-10 09:45:57.185320,no job,43.3,71
2017-02-10 09:46:02.792063,no job,43.3,71
2017-02-10 09:46:08.416192,no job,43.3,71
2017-02-10 09:46:14.028669,no job,43.2,71
2017-02-10 09:46:19.689003,no job,43.2,71
2017-02-10 09:46:25.328376,no job,43.2,71
2017-02-10 09:46:30.951288,no job,43.2,71
2017-02-10 09:46:36.565143,no job,43.1,71
2017-02-10 09:46:42.205447,no job,43.1,71
2017-02-10 09:46:47.905316,no job,43.1,71
2017-02-10 09:46:53.524514,no job,43.1,71
2017-02-10 09:46:59.191077,no job,43,71
2017-02-10 09:47:04.835378,no job,43,71
2017-02-10 09:47:10.406853,no job,43,71
2017-02-10 09:47:16.007966,no job,43,71
2017-02-10 09:47:21.571169,no job,42.9,71
2017-02-10 09:47:27.160754,no job,42.9,71
2017-02-10 09:47:32.773423,no job,42.9,71
2017-02-10 09:47:38.371264,no job,42.9,71
2017-02-10 09:47:43.975566,no job,42.8,71
2017-02-10 09:47:49.688717,no job,42.8,71
2017-02-10 09:47:55.287728,no job,42.8,71
2017-02-10 09:48:00.883046,no job,42.8,71
2017-02-10 09:48:06.615353,no job,42.7,71
2017-02-10 09:48:12.242744,no job,42.7,71
2017-02-10 09:48:18.029862,no job,42.7,71
2017-02-10 09:48:23.623810,no job,42.7,71
2017-02-10 09:48:29.205544,no job,42.6,71
2017-02-10 09:48:34.801526,no job,42.6,71
2017-02-10 09:48:40.447341,no job,42.6,71
2017-02-10 09:48:46.081039,no job,42.6,71
2017-02-10 09:48:51.868333,no job,42.5,71
2017-02-10 09:48:57.457793,no job,42.5,71
2017-02-10 09:49:03.197368,no job,42.5,71
2017-02-10 09:49:08.766040,no job,42.5,71
2017-02-10 09:49:14.348159,no job,42.4,71
2017-02-10 09:49:20.051053,no job,42.4,71
2017-02-10 09:49:25.648694,no job,42.4,71
2017-02-10 09:49:31.210142,no job,42.4,71
2017-02-10 09:49:36.840275,no job,42.3,71
2017-02-10 09:49:42.440433,no job,42.3,71
2017-02-10 09:49:48.027226,no job,42.3,71
2017-02-10 09:49:53.777789,no job,42.3,71
2017-02-10 09:49:59.368960,no job,42.3,71
2017-02-10 09:50:04.933907,no job,42.2,71
2017-02-10 09:50:10.502263,no job,42.2,71
2017-02-10 09:50:16.121295,no job,42.2,71
2017-02-10 09:50:21.699018,no job,42.2,71
2017-02-10 09:50:27.298823,no job,42.1,71
2017-02-10 09:50:32.937523,no job,42.1,71
2017-02-10 09:50:38.587546,no job,42.1,71
2017-02-10 09:50:44.172009,no job,42.1,71
2017-02-10 09:50:49.733149,no job,42,71
2017-02-10 09:50:56.060466,no job,42,71
2017-02-10 09:51:01.622919,no job,42,71
2017-02-10 09:51:07.260326,no job,41.9,71
2017-02-10 09:51:12.858339,no job,41.9,71
2017-02-10 09:51:18.494537,no job,41.9,71
2017-02-10 09:51:24.103914,no job,41.9,71
2017-02-10 09:51:29.679113,no job,41.9,71
2017-02-10 09:51:35.265506,no job,41.8,71
2017-02-10 09:51:40.889064,no job,41.8,71
2017-02-10 09:51:46.466633,no job,41.8,71
2017-02-10 09:51:52.032006,no job,41.8,71
2017-02-10 09:51:57.809457,no job,41.7,71
2017-02-10 09:52:03.403875,no job,41.7,71
2017-02-10 09:52:08.989143,no job,41.7,71
2017-02-10 09:52:15.205584,no job,41.7,71
2017-02-10 09:52:20.909426,no job,41.6,71
2017-02-10 09:52:26.529869,no job,41.6,71
2017-02-10 09:52:32.143970,no job,41.6,71
2017-02-10 09:52:37.735553,no job,41.6,71
2017-02-10 09:52:43.297148,no job,41.5,71
2017-02-10 09:52:48.870684,no job,41.5,71
2017-02-10 09:52:54.515980,no job,41.5,71
2017-02-10 09:53:00.113653,no job,41.5,71
2017-02-10 09:53:05.708325,no job,41.5,71
2017-02-10 09:53:11.340206,no job,41.4,71
2017-02-10 09:53:16.918576,no job,41.4,71
2017-02-10 09:53:22.510163,no job,41.4,71
2017-02-10 09:53:28.088616,no job,41.4,71
2017-02-10 09:53:33.654231,no job,41.4,71
2017-02-10 09:53:39.237017,no job,41.3,71
2017-02-10 09:53:44.812788,no job,41.3,71
2017-02-10 09:53:50.396946,no job,41.3,71
2017-02-10 09:53:56.901929,no job,41.2,71
2017-02-10 09:54:02.459496,no job,41.2,71
2017-02-10 09:54:08.066979,no job,41.2,71
2017-02-10 09:54:13.663311,no job,41.2,71
2017-02-10 09:54:19.257624,no job,41.2,71
2017-02-10 09:54:24.855944,no job,41.1,71
2017-02-10 09:54:30.469455,no job,41.1,71
2017-02-10 09:54:36.045358,no job,41.1,71
2017-02-10 09:54:41.762279,no job,41.1,71
2017-02-10 09:54:47.385222,no job,41,71
2017-02-10 09:54:53.735508,no job,41,71
2017-02-10 09:54:59.336679,no job,41,71
2017-02-10 09:55:04.927519,no job,41,71
2017-02-10 09:55:10.557530,no job,41,71
2017-02-10 09:55:16.157649,no job,40.9,71
2017-02-10 09:55:21.739038,no job,40.9,71
2017-02-10 09:55:27.323286,no job,40.9,71
2017-02-10 09:55:32.893129,no job,40.9,71
2017-02-10 09:55:38.497078,no job,40.9,71
2017-02-10 09:55:44.103008,no job,40.8,71
2017-02-10 09:55:49.702503,no job,40.8,71
2017-02-10 09:55:55.334708,no job,40.8,71
2017-02-10 09:56:00.934582,no job,40.8,71
2017-02-10 09:56:08.108117,no job,40.7,71
2017-02-10 09:56:13.723149,no job,40.7,71
2017-02-10 09:56:19.350618,no job,40.7,71
2017-02-10 09:56:24.968958,no job,40.7,71
2017-02-10 09:56:30.550915,no job,40.6,71
2017-02-10 09:56:36.102128,no job,40.6,71
2017-02-10 09:56:41.741769,no job,40.6,71
2017-02-10 09:56:47.322556,no job,40.6,71
2017-02-10 09:56:52.916059,no job,40.5,71
2017-02-10 09:56:58.533707,no job,40.5,71
2017-02-10 09:57:04.127390,no job,40.5,71
2017-02-10 09:57:09.838280,no job,40.5,71
2017-02-10 09:57:15.433785,no job,40.5,71
2017-02-10 09:57:21.027936,no job,40.4,71
2017-02-10 09:57:26.662330,no job,40.4,71
2017-02-10 09:57:32.328271,no job,40.4,71
2017-02-10 09:57:37.932662,no job,40.4,71
2017-02-10 09:57:43.584168,no job,40.4,71
2017-02-10 09:57:49.358376,no job,40.3,71
2017-02-10 09:57:54.940124,no job,40.3,71
2017-02-10 09:58:00.519678,no job,40.3,71
2017-02-10 09:58:07.185678,no job,40.3,71
2017-02-10 09:58:12.899081,no job,40.2,71
2017-02-10 09:58:18.471093,no job,40.2,71
2017-02-10 09:58:24.139624,no job,40.2,71
2017-02-10 09:58:29.726011,no job,40.2,71
2017-02-10 09:58:35.299392,no job,40.2,71
2017-02-10 09:58:40.889142,no job,40.1,71
2017-02-10 09:58:46.502294,no job,40.1,71
2017-02-10 09:58:52.102128,no job,40.1,71
2017-02-10 09:58:57.673180,no job,40.1,71
2017-02-10 09:59:03.263794,no job,40.1,71
2017-02-10 09:59:08.884085,no job,40,71
2017-02-10 09:59:14.605118,no job,40,71
2017-02-10 09:59:20.289890,no job,40,71
2017-02-10 09:59:25.892675,no job,40,71
2017-02-10 09:59:31.488883,no job,39.9,71
2017-02-10 09:59:37.119596,no job,39.9,71
2017-02-10 09:59:42.723496,no job,39.9,71
2017-02-10 09:59:48.338346,no job,39.9,71
2017-02-10 09:59:53.934081,no job,39.9,71
2017-02-10 09:59:59.513140,no job,39.9,71
2017-02-10 10:00:05.084591,no job,39.8,71
2017-02-10 10:00:11.094866,no job,39.8,71
2017-02-10 10:00:16.858538,no job,39.8,71
2017-02-10 10:00:22.450645,no job,39.8,71
2017-02-10 10:00:28.081288,no job,39.8,71
2017-02-10 10:00:33.701751,no job,39.7,71
2017-02-10 10:00:39.269567,no job,39.7,71
2017-02-10 10:00:45.066716,no job,39.7,71
2017-02-10 10:00:50.736845,no job,39.7,71
2017-02-10 10:00:56.918301,no job,39.6,71
2017-02-10 10:01:02.719541,no job,39.6,71
2017-02-10 10:01:08.313079,no job,39.6,71
2017-02-10 10:01:13.935919,no job,39.6,71
2017-02-10 10:01:19.636582,no job,39.6,71
2017-02-10 10:01:25.299806,no job,39.5,71
2017-02-10 10:01:30.954903,no job,39.5,71
2017-02-10 10:01:36.544155,no job,39.5,71
2017-02-10 10:01:42.151779,no job,39.5,71
2017-02-10 10:01:47.756769,no job,39.4,71
2017-02-10 10:01:53.322421,no job,39.4,71
2017-02-10 10:01:58.928937,no job,39.4,71
2017-02-10 10:02:04.485695,no job,39.4,71
2017-02-10 10:02:10.078039,no job,39.4,71
2017-02-10 10:02:15.697682,no job,39.4,71
2017-02-10 10:02:21.743689,no job,39.3,71
2017-02-10 10:02:27.364996,no job,39.3,71
2017-02-10 10:02:32.952187,no job,39.3,71
2017-02-10 10:02:38.531175,no job,39.3,71
2017-02-10 10:02:44.087372,no job,39.3,71
2017-02-10 10:02:49.907149,no job,39.3,71
2017-02-10 10:02:55.485861,no job,39.2,71
2017-02-10 10:03:01.070031,no job,39.2,71
2017-02-10 10:03:06.664690,no job,39.2,71
2017-02-10 10:03:12.237857,no job,39.1,71
2017-02-10 10:03:17.889984,no job,39.1,71
2017-02-10 10:03:23.648206,no job,39.1,71
2017-02-10 10:03:29.250432,no job,39.1,71
2017-02-10 10:03:34.881347,no job,39.1,71
2017-02-10 10:03:41.517610,no job,39.1,71
2017-02-10 10:03:47.172427,no job,39,71
2017-02-10 10:03:52.788254,no job,39,71
2017-02-10 10:03:58.402367,no job,39,71
2017-02-10 10:04:04.052661,no job,39,71
2017-02-10 10:04:09.723539,no job,39,71
2017-02-10 10:04:15.349982,no job,38.9,71
2017-02-10 10:04:20.962588,no job,38.9,71
2017-02-10 10:04:26.538460,no job,38.9,71
2017-02-10 10:04:32.129911,no job,38.9,71
2017-02-10 10:04:37.740491,no job,38.8,71
2017-02-10 10:04:43.317716,no job,38.8,71
2017-02-10 10:04:48.896712,no job,38.8,71
2017-02-10 10:04:53.088198,no job,38.8,71
2017-02-10 10:04:58.648814,no job,38.8,71
2017-02-10 10:05:04.221097,no job,38.8,71
2017-02-10 10:05:09.802081,no job,38.7,71
2017-02-10 10:05:15.675230,no job,38.7,71
2017-02-10 10:05:21.295960,no job,38.7,71
2017-02-10 10:05:27.186762,no job,38.7,71
2017-02-10 10:05:32.769891,no job,38.7,71
2017-02-10 10:05:38.346946,no job,38.6,71
2017-02-10 10:05:43.947123,no job,38.6,71
2017-02-10 10:05:49.555180,no job,38.6,71
2017-02-10 10:05:55.187378,no job,38.6,71
2017-02-10 10:06:00.777671,no job,38.6,71
2017-02-10 10:06:06.395408,no job,38.5,71
2017-02-10 10:06:12.000719,no job,38.5,71
2017-02-10 10:06:17.570568,no job,38.5,71
2017-02-10 10:06:23.195038,no job,38.5,71
2017-02-10 10:06:28.765378,no job,38.5,71
2017-02-10 10:06:34.359600,no job,38.5,71
2017-02-10 10:06:39.972657,no job,38.4,71
2017-02-10 10:06:45.568942,no job,38.4,71
2017-02-10 10:06:51.146167,no job,38.4,71
2017-02-10 10:06:56.722368,no job,38.4,71
2017-02-10 10:07:02.372222,no job,38.4,71
2017-02-10 10:07:07.973413,no job,38.4,71
2017-02-10 10:07:13.626159,no job,38.3,71
2017-02-10 10:07:20.271606,no job,38.3,71
2017-02-10 10:07:25.894885,no job,38.3,71
2017-02-10 10:07:31.537640,no job,38.3,71
2017-02-10 10:07:37.132873,no job,38.3,71
2017-02-10 10:07:42.759941,no job,38.2,71
2017-02-10 10:07:49.476546,no job,38.2,71
2017-02-10 10:07:55.062788,no job,38.2,71
2017-02-10 10:08:00.680871,no job,38.2,71
2017-02-10 10:08:06.257871,no job,38.2,71
2017-02-10 10:08:11.858152,no job,38.1,71
2017-02-10 10:08:17.441945,no job,38.1,71
2017-02-10 10:08:23.077488,no job,38.1,71
2017-02-10 10:08:28.679738,no job,38.1,71
2017-02-10 10:08:35.313100,no job,38.1,71
2017-02-10 10:08:40.928039,no job,38,71
2017-02-10 10:08:46.530873,no job,38,71
2017-02-10 10:08:52.127505,no job,38,71
2017-02-10 10:08:57.710892,no job,38,71
2017-02-10 10:09:04.347272,no job,38,71
2017-02-10 10:09:09.968319,no job,37.9,71
2017-02-10 10:09:15.563263,no job,37.9,71
2017-02-10 10:09:21.196801,no job,37.9,71
2017-02-10 10:09:26.856579,no job,37.9,71
2017-02-10 10:09:32.428786,no job,37.9,71
2017-02-10 10:09:38.029150,no job,37.9,71
2017-02-10 10:09:43.628118,no job,37.8,71
2017-02-10 10:09:49.466258,no job,37.8,71
2017-02-10 10:09:55.073599,no job,37.8,71
2017-02-10 10:10:01.367076,no job,37.8,71
2017-02-10 10:10:07.019470,no job,37.8,71
2017-02-10 10:10:13.421691,no job,37.7,71
2017-02-10 10:10:19.044134,no job,37.7,71
2017-02-10 10:10:24.680802,no job,37.7,71
2017-02-10 10:10:30.356407,no job,37.7,71
2017-02-10 10:10:36.250173,no job,37.7,71
2017-02-10 10:10:42.610247,no job,37.7,71
2017-02-10 10:10:48.164415,no job,37.6,71
2017-02-10 10:10:54.111849,no job,37.6,71
2017-02-10 10:10:59.739319,no job,37.6,71
2017-02-10 10:11:05.366880,no job,37.6,71
2017-02-10 10:11:10.998376,no job,37.6,71
2017-02-10 10:11:16.598560,no job,37.5,71
2017-02-10 10:11:22.254089,no job,37.5,71
2017-02-10 10:11:27.983574,no job,37.5,71
2017-02-10 10:11:33.583960,no job,37.5,71
2017-02-10 10:11:39.415179,no job,37.5,71
2017-02-10 10:11:45.036776,no job,37.5,71
2017-02-10 10:11:51.077266,no job,37.4,71
2017-02-10 10:11:57.087623,no job,37.4,71
2017-02-10 10:12:02.678206,no job,37.4,71
2017-02-10 10:12:08.270623,no job,37.4,71
2017-02-10 10:12:13.942660,no job,37.4,71
2017-02-10 10:12:19.573969,no job,37.4,71
2017-02-10 10:12:26.266493,no job,37.3,71
2017-02-10 10:12:31.869557,no job,37.3,71
2017-02-10 10:12:37.463661,no job,37.3,71
2017-02-10 10:12:43.098153,no job,37.3,71
2017-02-10 10:12:48.729188,no job,37.3,71
2017-02-10 10:12:55.082560,no job,37.2,71
2017-02-10 10:13:00.745092,no job,37.2,71
2017-02-10 10:13:06.354607,no job,37.2,71
2017-02-10 10:13:12.343850,no job,37.2,71
2017-02-10 10:13:17.964846,no job,37.2,71
2017-02-10 10:13:24.557013,no job,37.1,71
2017-02-10 10:13:30.193221,no job,37.1,71
2017-02-10 10:13:35.793265,no job,37.1,71
2017-02-10 10:13:41.483460,no job,37.1,71
2017-02-10 10:13:47.104376,no job,37.1,71
2017-02-10 10:13:52.792330,no job,37.1,71
2017-02-10 10:13:59.479380,no job,37.1,71
2017-02-10 10:14:05.095610,no job,37,71
2017-02-10 10:14:10.698166,no job,37,71
2017-02-10 10:14:16.295644,no job,37,71
2017-02-10 10:14:21.906569,no job,37,71
2017-02-10 10:14:28.559219,no job,37,71
2017-02-10 10:14:34.158416,no job,36.9,71
2017-02-10 10:14:39.910809,no job,36.9,71
2017-02-10 10:14:45.690910,no job,36.9,71
2017-02-10 10:14:51.321354,no job,36.9,71
2017-02-10 10:14:56.946646,no job,36.9,71
2017-02-10 10:15:02.540562,no job,36.9,71
2017-02-10 10:15:08.141599,no job,36.8,71
2017-02-10 10:15:13.735609,no job,36.8,71
2017-02-10 10:15:19.345217,no job,36.8,71
2017-02-10 10:15:25.156229,no job,36.8,71
2017-02-10 10:15:30.755852,no job,36.8,71
2017-02-10 10:15:36.649940,no job,36.8,71
2017-02-10 10:15:42.360707,no job,36.7,71
2017-02-10 10:15:48.112312,no job,36.7,71
2017-02-10 10:15:53.685403,no job,36.7,71
2017-02-10 10:15:59.266035,no job,36.7,71
2017-02-10 10:16:04.878250,no job,36.7,71
2017-02-10 10:16:10.463539,no job,36.6,71
2017-02-10 10:16:16.052074,no job,36.6,71
2017-02-10 10:16:21.706643,no job,36.6,71
2017-02-10 10:16:27.310337,no job,36.6,71
2017-02-10 10:16:32.954206,no job,36.6,71
2017-02-10 10:16:38.572418,no job,36.6,71
2017-02-10 10:16:44.206083,no job,36.6,71
2017-02-10 10:16:49.933135,no job,36.5,71
2017-02-10 10:16:55.572176,no job,36.5,71
2017-02-10 10:17:01.168441,no job,36.5,71
2017-02-10 10:17:06.754639,no job,36.5,71
2017-02-10 10:17:12.329715,no job,36.5,71
2017-02-10 10:17:17.976526,no job,36.5,71
2017-02-10 10:17:23.587365,no job,36.4,71
2017-02-10 10:17:29.173318,no job,36.4,71
2017-02-10 10:17:34.809364,no job,36.4,71
2017-02-10 10:17:40.515881,no job,36.4,71
2017-02-10 10:17:46.249022,no job,36.4,71
2017-02-10 10:17:52.129008,no job,36.4,71
2017-02-10 10:17:57.749222,no job,36.3,71
2017-02-10 10:18:03.357884,no job,36.3,71
2017-02-10 10:18:08.932676,no job,36.3,71
2017-02-10 10:18:14.618197,no job,36.3,71
2017-02-10 10:18:20.199963,no job,36.3,71
2017-02-10 10:18:25.819649,no job,36.3,71
2017-02-10 10:18:31.475440,no job,36.3,71
2017-02-10 10:18:37.165348,no job,36.2,71
2017-02-10 10:18:42.889838,no job,36.2,71
2017-02-10 10:18:48.544795,no job,36.2,71
2017-02-10 10:18:54.361579,no job,36.2,71
2017-02-10 10:19:00.013240,no job,36.2,71
2017-02-10 10:19:05.679850,no job,36.2,71
2017-02-10 10:19:11.315996,no job,36.1,71
2017-02-10 10:19:16.916380,no job,36.1,71
2017-02-10 10:19:22.473643,no job,36.1,71
2017-02-10 10:19:28.226919,no job,36.1,71
2017-02-10 10:19:33.856112,no job,36.1,71
2017-02-10 10:19:39.492751,no job,36.1,71
2017-02-10 10:19:45.120272,no job,36,71
2017-02-10 10:19:50.712890,no job,36,71
2017-02-10 10:19:56.452418,no job,36,71
2017-02-10 10:20:02.105299,no job,36,71
2017-02-10 10:20:07.711066,no job,36,71
2017-02-10 10:20:13.304671,no job,36,71
2017-02-10 10:20:18.864759,no job,35.9,71
2017-02-10 10:20:24.538572,no job,35.9,71
2017-02-10 10:20:30.131696,no job,35.9,71
2017-02-10 10:20:35.742048,no job,35.9,71
2017-02-10 10:20:41.324154,no job,35.9,71
2017-02-10 10:20:46.945579,no job,35.9,71
2017-02-10 10:20:52.552814,no job,35.9,71
2017-02-10 10:20:58.305101,no job,35.8,71
2017-02-10 10:21:03.886061,no job,35.8,71
2017-02-10 10:21:09.496284,no job,35.8,71
2017-02-10 10:21:15.082818,no job,35.8,71
2017-02-10 10:21:20.705822,no job,35.8,71
2017-02-10 10:21:26.311967,no job,35.8,71
2017-02-10 10:21:31.957447,no job,35.7,71
2017-02-10 10:21:37.545362,no job,35.7,71
2017-02-10 10:21:43.175722,no job,35.7,71
2017-02-10 10:21:48.778218,no job,35.7,71
2017-02-10 10:21:54.355622,no job,35.7,71
2017-02-10 10:22:00.037755,no job,35.7,71
2017-02-10 10:22:05.619406,no job,35.7,71
2017-02-10 10:22:11.203583,no job,35.6,71
2017-02-10 10:22:16.856676,no job,35.6,71
2017-02-10 10:22:22.437017,no job,35.6,71
2017-02-10 10:22:27.995321,no job,35.6,71
2017-02-10 10:22:33.638815,no job,35.6,71
2017-02-10 10:22:39.215761,no job,35.6,71
2017-02-10 10:22:44.779279,no job,35.6,71
2017-02-10 10:22:50.390787,no job,35.5,71
2017-02-10 10:22:55.975321,no job,35.5,71
2017-02-10 10:23:01.747774,no job,35.5,71
2017-02-10 10:23:07.319610,no job,35.5,71
2017-02-10 10:23:12.957013,no job,35.5,71
2017-02-10 10:23:18.542899,no job,35.5,71
2017-02-10 10:23:24.090908,no job,35.5,71
2017-02-10 10:23:29.726136,no job,35.4,71
2017-02-10 10:23:35.370342,no job,35.4,71
2017-02-10 10:23:40.941130,no job,35.4,71
2017-02-10 10:23:46.566902,no job,35.4,71
2017-02-10 10:23:52.218193,no job,35.4,71
2017-02-10 10:23:57.826449,no job,35.4,71
2017-02-10 10:24:04.025200,no job,35.3,71
2017-02-10 10:24:09.622921,no job,35.3,71
2017-02-10 10:24:15.193993,no job,35.3,71
2017-02-10 10:24:20.797070,no job,35.3,71
2017-02-10 10:24:26.397425,no job,35.3,71
2017-02-10 10:24:32.006059,no job,35.3,71
2017-02-10 10:24:37.579921,no job,35.2,71
2017-02-10 10:24:43.174207,no job,35.2,71
2017-02-10 10:24:48.756066,no job,35.2,71
2017-02-10 10:24:54.341378,no job,35.2,71
2017-02-10 10:24:59.934298,no job,35.2,71
2017-02-10 10:25:05.644177,no job,35.2,71
2017-02-10 10:25:11.250255,no job,35.2,71
2017-02-10 10:25:16.855074,no job,35.2,71
2017-02-10 10:25:22.427602,no job,35.1,71
2017-02-10 10:25:27.991103,no job,35.1,71
2017-02-10 10:25:33.571648,no job,35.1,71
2017-02-10 10:25:39.509248,no job,35.1,71
2017-02-10 10:25:45.111692,no job,35.1,71
2017-02-10 10:25:50.709376,no job,35.1,71
2017-02-10 10:25:56.371790,no job,35,71
2017-02-10 10:26:01.952537,no job,35,71
2017-02-10 10:26:08.158764,no job,35,71
2017-02-10 10:26:13.745638,no job,35,71
2017-02-10 10:26:19.362965,no job,35,71
2017-02-10 10:26:24.945864,no job,35,71
2017-02-10 10:26:30.529836,no job,35,71
2017-02-10 10:26:36.101912,no job,35,71
2017-02-10 10:26:41.714140,no job,34.9,71
2017-02-10 10:26:47.302212,no job,34.9,71
2017-02-10 10:26:52.907833,no job,34.9,71
2017-02-10 10:26:58.486010,no job,34.9,71
2017-02-10 10:27:04.113261,no job,34.9,71
2017-02-10 10:27:10.723395,no job,34.9,71
2017-02-10 10:27:16.323568,no job,34.8,71
2017-02-10 10:27:21.909090,no job,34.8,71
2017-02-10 10:27:27.471638,no job,34.8,71
2017-02-10 10:27:33.159174,no job,34.8,71
2017-02-10 10:27:38.770164,no job,34.8,71
2017-02-10 10:27:44.330470,no job,34.8,71
2017-02-10 10:27:49.909329,no job,34.8,71
2017-02-10 10:27:55.505395,no job,34.8,71
2017-02-10 10:28:01.198880,no job,34.7,71
2017-02-10 10:28:06.787081,no job,34.7,71
2017-02-10 10:28:12.333658,no job,34.7,71
2017-02-10 10:28:17.935802,no job,34.7,71
2017-02-10 10:28:23.591563,no job,34.7,71
2017-02-10 10:28:30.205542,no job,34.7,71
2017-02-10 10:28:35.874463,no job,34.6,71
2017-02-10 10:28:41.758432,no job,34.6,71
2017-02-10 10:28:47.358616,no job,34.6,71
2017-02-10 10:28:52.984553,no job,34.6,71
2017-02-10 10:28:58.564664,no job,34.6,71
2017-02-10 10:29:04.171150,no job,34.6,71
2017-02-10 10:29:09.844113,no job,34.6,71
2017-02-10 10:29:15.438288,no job,34.5,71
2017-02-10 10:29:21.014956,no job,34.5,71
2017-02-10 10:29:26.657483,no job,34.5,71
2017-02-10 10:29:32.299350,no job,34.5,71
2017-02-10 10:29:37.978393,no job,34.5,71
2017-02-10 10:29:43.587474,no job,34.5,71
2017-02-10 10:29:49.177584,no job,34.5,71
2017-02-10 10:29:54.765933,no job,34.4,71
2017-02-10 10:30:00.360957,no job,34.4,71
2017-02-10 10:30:05.959447,no job,34.4,71
2017-02-10 10:30:11.603876,no job,34.4,71
2017-02-10 10:30:17.212764,no job,34.4,71
2017-02-10 10:30:22.840434,no job,34.4,71
2017-02-10 10:30:28.542277,no job,34.4,71
2017-02-10 10:30:35.041125,no job,34.3,71
2017-02-10 10:30:40.638353,no job,34.3,71
2017-02-10 10:30:46.265146,no job,34.3,71
2017-02-10 10:30:51.880053,no job,34.3,71
2017-02-10 10:30:57.481495,no job,34.3,71
2017-02-10 10:31:03.091542,no job,34.3,71
2017-02-10 10:31:08.649973,no job,34.3,71
2017-02-10 10:31:14.256178,no job,34.3,71
2017-02-10 10:31:19.881218,no job,34.2,71
2017-02-10 10:31:25.440259,no job,34.2,71
2017-02-10 10:31:31.076910,no job,34.2,71
2017-02-10 10:31:36.649071,no job,34.2,71
2017-02-10 10:31:42.248310,no job,34.2,71
2017-02-10 10:31:48.506757,no job,34.2,71
2017-02-10 10:31:55.097301,no job,34.2,71
2017-02-10 10:32:00.679081,no job,34.1,71
2017-02-10 10:32:06.264206,no job,34.1,71
2017-02-10 10:32:11.803106,no job,34.1,71
2017-02-10 10:32:17.636087,no job,34.1,71
2017-02-10 10:32:23.248423,no job,34.1,71
2017-02-10 10:32:28.810744,no job,34.1,71
2017-02-10 10:32:34.385597,no job,34.1,71
2017-02-10 10:32:40.076403,no job,34,71
2017-02-10 10:32:45.689826,no job,34,71
2017-02-10 10:32:51.300422,no job,34,71
2017-02-10 10:32:56.922541,no job,34,71
2017-02-10 10:33:02.516459,no job,34,71
2017-02-10 10:33:08.153252,no job,34,71
2017-02-10 10:33:13.718397,no job,34,71
2017-02-10 10:33:19.532953,no job,34,71
2017-02-10 10:33:25.171231,no job,33.9,71
2017-02-10 10:33:30.754722,no job,33.9,71
2017-02-10 10:33:36.373561,no job,33.9,71
2017-02-10 10:33:41.990617,no job,33.9,71
2017-02-10 10:33:47.620787,no job,33.9,71
2017-02-10 10:33:53.281811,no job,33.9,71
2017-02-10 10:33:59.271557,no job,33.9,71
2017-02-10 10:34:04.857794,no job,33.9,71
2017-02-10 10:34:10.522476,no job,33.8,71
2017-02-10 10:34:16.106592,no job,33.8,71
2017-02-10 10:34:22.259725,no job,33.8,71
2017-02-10 10:34:27.947192,no job,33.8,71
2017-02-10 10:34:33.580646,no job,33.8,71
2017-02-10 10:34:39.240282,no job,33.8,71
2017-02-10 10:34:44.882018,no job,33.8,71
2017-02-10 10:34:50.461909,no job,33.7,71
2017-02-10 10:34:56.032024,no job,33.7,71
2017-02-10 10:35:01.612981,no job,33.7,71
2017-02-10 10:35:07.195526,no job,33.7,71
2017-02-10 10:35:12.782333,no job,33.7,71
2017-02-10 10:35:18.367271,no job,33.7,71
2017-02-10 10:35:24.078378,no job,33.7,71
2017-02-10 10:35:29.663442,no job,33.7,71
2017-02-10 10:35:35.234855,no job,33.6,71
2017-02-10 10:35:40.806884,no job,33.6,71
2017-02-10 10:35:46.412199,no job,33.6,71
2017-02-10 10:35:52.107857,no job,33.6,71
2017-02-10 10:35:57.714843,no job,33.6,71
2017-02-10 10:36:03.289436,no job,33.6,71
2017-02-10 10:36:08.897542,no job,33.6,71
2017-02-10 10:36:15.508376,no job,33.5,71
2017-02-10 10:36:21.132716,no job,33.5,71
2017-02-10 10:36:26.920207,no job,33.5,71
2017-02-10 10:36:32.505129,no job,33.5,71
2017-02-10 10:36:38.120507,no job,33.5,71
2017-02-10 10:36:43.693276,no job,33.5,71
2017-02-10 10:36:49.313853,no job,33.5,71
2017-02-10 10:36:54.910239,no job,33.5,71
2017-02-10 10:37:00.536054,no job,33.5,71
2017-02-10 10:37:06.106068,no job,33.4,71
2017-02-10 10:37:11.693184,no job,33.4,71
2017-02-10 10:37:17.320135,no job,33.4,71
2017-02-10 10:37:22.939803,no job,33.4,71
2017-02-10 10:37:28.739206,no job,33.4,71
2017-02-10 10:37:34.326564,no job,33.4,71
2017-02-10 10:37:39.940752,no job,33.4,71
2017-02-10 10:37:45.630042,no job,33.3,71
2017-02-10 10:37:52.072078,no job,33.3,71
2017-02-10 10:37:57.628949,no job,33.3,71
2017-02-10 10:38:03.346536,no job,33.3,71
2017-02-10 10:38:08.981545,no job,33.3,71
2017-02-10 10:38:14.581420,no job,33.3,71
2017-02-10 10:38:20.153156,no job,33.3,71
2017-02-10 10:38:25.732165,no job,33.3,71
2017-02-10 10:38:31.488845,no job,33.2,71
2017-02-10 10:38:37.108620,no job,33.2,71
2017-02-10 10:38:42.761371,no job,33.2,71
2017-02-10 10:38:48.419820,no job,33.2,71
2017-02-10 10:38:53.997844,no job,33.2,71
2017-02-10 10:38:59.625362,no job,33.2,71
2017-02-10 10:39:05.211349,no job,33.2,71
2017-02-10 10:39:10.926297,no job,33.2,71
2017-02-10 10:39:16.514634,no job,33.2,71
2017-02-10 10:39:22.120814,no job,33.1,71
2017-02-10 10:39:27.715794,no job,33.1,71
2017-02-10 10:39:33.404160,no job,33.1,71
2017-02-10 10:39:38.999279,no job,33.1,71
2017-02-10 10:39:44.598901,no job,33.1,71
2017-02-10 10:39:50.267463,no job,33.1,71
2017-02-10 10:39:55.897654,no job,33.1,71
2017-02-10 10:40:01.530068,no job,33.1,71
2017-02-10 10:40:07.099886,no job,33.1,71
2017-02-10 10:40:12.759810,no job,33,71
2017-02-10 10:40:18.333756,no job,33,71
2017-02-10 10:40:23.914916,no job,33,71
2017-02-10 10:40:29.559908,no job,33,71
2017-02-10 10:40:35.306109,no job,33,71
2017-02-10 10:40:40.899424,no job,33,71
2017-02-10 10:40:46.496175,no job,33,71
2017-02-10 10:40:52.091653,no job,32.9,71
2017-02-10 10:40:57.664395,no job,32.9,71
2017-02-10 10:41:03.251346,no job,32.9,71
2017-02-10 10:41:08.829739,no job,32.9,71
2017-02-10 10:41:14.453965,no job,32.9,71
2017-02-10 10:41:20.088240,no job,32.9,71
2017-02-10 10:41:25.698723,no job,32.9,71
2017-02-10 10:41:31.279958,no job,32.9,71
2017-02-10 10:41:37.049281,no job,32.9,71
2017-02-10 10:41:42.641447,no job,32.8,71
2017-02-10 10:41:48.255415,no job,32.8,71
2017-02-10 10:41:53.837666,no job,32.8,71
2017-02-10 10:41:59.483188,no job,32.8,71
2017-02-10 10:42:05.044445,no job,32.8,71
2017-02-10 10:42:11.293479,no job,32.8,71
2017-02-10 10:42:16.864751,no job,32.8,71
2017-02-10 10:42:22.439793,no job,32.8,71
2017-02-10 10:42:27.980001,no job,32.7,71
2017-02-10 10:42:33.568789,no job,32.7,71
2017-02-10 10:42:39.203513,no job,32.7,71
2017-02-10 10:42:45.046191,no job,32.7,71
2017-02-10 10:42:50.718511,no job,32.7,71
2017-02-10 10:42:56.371340,no job,32.7,71
2017-02-10 10:43:02.039467,no job,32.7,71
2017-02-10 10:43:07.689260,no job,32.7,71
2017-02-10 10:43:13.272114,no job,32.7,71
2017-02-10 10:43:18.948724,no job,32.6,71
2017-02-10 10:43:24.513130,no job,32.6,71
2017-02-10 10:43:30.108301,no job,32.6,71
2017-02-10 10:43:35.969946,no job,32.6,71
2017-02-10 10:43:41.644268,no job,32.6,71
2017-02-10 10:43:47.237723,no job,32.6,71
2017-02-10 10:43:52.810863,no job,32.6,71
2017-02-10 10:43:58.421523,no job,32.6,71
2017-02-10 10:44:03.982802,no job,32.5,71
2017-02-10 10:44:09.702415,no job,32.5,71
2017-02-10 10:44:15.308658,no job,32.5,71
2017-02-10 10:44:21.091101,no job,32.5,71
2017-02-10 10:44:26.686267,no job,32.5,71
2017-02-10 10:44:32.244389,no job,32.5,71
2017-02-10 10:44:38.014047,no job,32.5,71
2017-02-10 10:44:43.659293,no job,32.5,71
2017-02-10 10:44:49.226343,no job,32.4,71
2017-02-10 10:44:54.804771,no job,32.4,71
2017-02-10 10:45:00.618372,no job,32.4,71
2017-02-10 10:45:06.190621,no job,32.4,71
2017-02-10 10:45:11.771499,no job,32.4,71
2017-02-10 10:45:17.355161,no job,32.4,71
2017-02-10 10:45:23.287010,no job,32.4,71
2017-02-10 10:45:28.940409,no job,32.4,71
2017-02-10 10:45:34.604027,no job,32.4,71
2017-02-10 10:45:40.163776,no job,32.4,71
2017-02-10 10:45:45.831374,no job,32.3,71
2017-02-10 10:45:51.397294,no job,32.3,71
2017-02-10 10:45:56.970310,no job,32.3,71
2017-02-10 10:46:02.584181,no job,32.3,71
2017-02-10 10:46:08.177914,no job,32.3,71
2017-02-10 10:46:13.765682,no job,32.3,71
2017-02-10 10:46:19.399887,no job,32.3,71
2017-02-10 10:46:25.042651,no job,32.3,71
2017-02-10 10:46:30.641235,no job,32.3,71
2017-02-10 10:46:36.312644,no job,32.2,71
2017-02-10 10:46:41.907584,no job,32.2,71
2017-02-10 10:46:47.637904,no job,32.2,71
2017-02-10 10:46:53.252557,no job,32.2,71
2017-02-10 10:46:58.926561,no job,32.2,71
